Workbook

Sheet main
A1: STATE | B1: YEAR | C1: Key | D1: elementary_education | E1: adult_education | F1: higher_education | G1: computer_course | H1: total_ps | I1: total_police_strength | J1: convicts_admitted_raw | K1: total_convicted | L1: habitual_offenders | M1: total_habitual_offenders | N1: vocational_count | O1: total_vocational_relief
A2: Andhra Pradesh | B2: 2001 | C2: =_xlfn.CONCAT(Table1[[#This Row],[STATE]],"-",Table1[[#This Row],[YEAR]]) -> Andhra Pradesh-2001 | D2: 2699 | E2: 2161 | F2: 301 | G2: 52 | H2: =_xlfn.XLOOKUP(Table1[[#This Row],[Key]],policseStrength!C:C,policseStrength!R:R) -> 25020 | I2: =IF(ISNA(Table1[[#This Row],[total_ps]]), _xlfn.AGGREGATE(1, 6, Table1[total_ps]), Table1[[#This Row],[total_ps]]) -> 25020 | J2: =_xlfn.XLOOKUP(Table1[[#This Row],[Key]],Recidivism!C:C,Recidivism!D:D) -> 17345 | K2: =IF(ISNA(Table1[[#This Row],[convicts_admitted_raw]]), _xlfn.AGGREGATE(1, 6, Table1[convicts_admitted_raw]), Table1[[#This Row],[convicts_admitted_raw]]) -> 17345 | L2: =_xlfn.XLOOKUP(Table1[[#This Row],[Key]],Recidivism!C:C,Recidivism!E:E) -> 1063 | M2: =IF(ISNA(Table1[[#This Row],[habitual_offenders]]), _xlfn.AGGREGATE(1, 6, Table1[habitual_offenders]), Table1[[#This Row],[habitual_offenders]]) -> 1063 | N2: =_xlfn.XLOOKUP(Table1[[#This Row],[Key]],Vocational!C:C,Vocational!E:E) -> 270 | O2: =IF(ISNA(Table1[[#This Row],[vocational_count]]), _xlfn.AGGREGATE(1, 6,Table1[vocational_count]), Table1[[#This Row],[vocational_count]]) -> 270
A3: Andhra Pradesh | B3: 2002 | C3: =_xlfn.CONCAT(Table1[[#This Row],[STATE]],"-",Table1[[#This Row],[YEAR]]) -> Andhra Pradesh-2002 | D3: 2420 | E3: 4745 | F3: 396 | G3: 34 | H3: =_xlfn.XLOOKUP(Table1[[#This Row],[Key]],policseStrength!C:C,policseStrength!R:R) -> 57650 | I3: =IF(ISNA(Table1[[#This Row],[total_ps]]), _xlfn.AGGREGATE(1, 6, Table1[total_ps]), Table1[[#This Row],[total_ps]]) -> 57650 | J3: =_xlfn.XLOOKUP(Table1[[#This Row],[Key]],Recidivism!C:C,Recidivism!D:D) -> 13322 | K3: =IF(ISNA(Table1[[#This Row],[convicts_admitted_raw]]), _xlfn.AGGREGATE(1, 6, Table1[convicts_admitted_raw]), Table1[[#This Row],[convicts_admitted_raw]]) -> 13322 | L3: =_xlfn.XLOOKUP(Table1[[#This Row],[Key]],Recidivism!C:C,Recidivism!E:E) -> 318 | M3: =IF(ISNA(Table1[[#This Row],[habitual_offenders]]), _xlfn.AGGREGATE(1, 6, Table1[habitual_offenders]), Table1[[#This Row],[habitual_offenders]]) -> 318 | N3: =_xlfn.XLOOKUP(Table1[[#This Row],[Key]],Vocational!C:C,Vocational!E:E) -> 530 | O3: =IF(ISNA(Table1[[#This Row],[vocational_count]]), _xlfn.AGGREGATE(1, 6,Table1[vocational_count]), Table1[[#This Row],[vocational_count]]) -> 530
A4: Andhra Pradesh | B4: 2003 | C4: =_xlfn.CONCAT(Table1[[#This Row],[STATE]],"-",Table1[[#This Row],[YEAR]]) -> Andhra Pradesh-2003 | D4: 1606 | E4: 7594 | F4: 369 | G4: 39 | H4: =_xlfn.XLOOKUP(Table1[[#This Row],[Key]],policseStrength!C:C,policseStrength!R:R) -> 25272 | I4: =IF(ISNA(Table1[[#This Row],[total_ps]]), _xlfn.AGGREGATE(1, 6, Table1[total_ps]), Table1[[#This Row],[total_ps]]) -> 25272 | J4: =_xlfn.XLOOKUP(Table1[[#This Row],[Key]],Recidivism!C:C,Recidivism!D:D) -> 15682 | K4: =IF(ISNA(Table1[[#This Row],[convicts_admitted_raw]]), _xlfn.AGGREGATE(1, 6, Table1[convicts_admitted_raw]), Table1[[#This Row],[convicts_admitted_raw]]) -> 15682 | L4: =_xlfn.XLOOKUP(Table1[[#This Row],[Key]],Recidivism!C:C,Recidivism!E:E) -> 536 | M4: =IF(ISNA(Table1[[#This Row],[habitual_offenders]]), _xlfn.AGGREGATE(1, 6, Table1[habitual_offenders]), Table1[[#This Row],[habitual_offenders]]) -> 536 | N4: =_xlfn.XLOOKUP(Table1[[#This Row],[Key]],Vocational!C:C,Vocational!E:E) -> 56 | O4: =IF(ISNA(Table1[[#This Row],[vocational_count]]), _xlfn.AGGREGATE(1, 6,Table1[vocational_count]), Table1[[#This Row],[vocational_count]]) -> 56
A5: Andhra Pradesh | B5: 2004 | C5: =_xlfn.CONCAT(Table1[[#This Row],[STATE]],"-",Table1[[#This Row],[YEAR]]) -> Andhra Pradesh-2004 | D5: 5950 | E5: 8213 | F5: 305 | G5: 30 | H5: =_xlfn.XLOOKUP(Table1[[#This Row],[Key]],policseStrength!C:C,policseStrength!R:R) -> 24886 | I5: =IF(ISNA(Table1[[#This Row],[total_ps]]), _xlfn.AGGREGATE(1, 6, Table1[total_ps]), Table1[[#This Row],[total_ps]]) -> 24886 | J5: =_xlfn.XLOOKUP(Table1[[#This Row],[Key]],Recidivism!C:C,Recidivism!D:D) -> 14397 | K5: =IF(ISNA(Table1[[#This Row],[convicts_admitted_raw]]), _xlfn.AGGREGATE(1, 6, Table1[convicts_admitted_raw]), Table1[[#This Row],[convicts_admitted_raw]]) -> 14397 | L5: =_xlfn.XLOOKUP(Table1[[#This Row],[Key]],Recidivism!C:C,Recidivism!E:E) -> 399 | M5: =IF(ISNA(Table1[[#This Row],[habitual_offenders]]), _xlfn.AGGREGATE(1, 6, Table1[habitual_offenders]), Table1[[#This Row],[habitual_offenders]]) -> 399 | N5: =_xlfn.XLOOKUP(Table1[[#This Row],[Key]],Vocational!C:C,Vocational!E:E) -> 405 | O5: =IF(ISNA(Table1[[#This Row],[vocational_count]]), _xlfn.AGGREGATE(1, 6,Table1[vocational_count]), Table1[[#This Row],[vocational_count]]) -> 405
A6: Andhra Pradesh | B6: 2005 | C6: =_xlfn.CONCAT(Table1[[#This Row],[STATE]],"-",Table1[[#This Row],[YEAR]]) -> Andhra Pradesh-2005 | D6: 3720 | E6: 10962 | F6: 389 | G6: 1 | H6: =_xlfn.XLOOKUP(Table1[[#This Row],[Key]],policseStrength!C:C,policseStrength!R:R) -> 25748 | I6: =IF(ISNA(Table1[[#This Row],[total_ps]]), _xlfn.AGGREGATE(1, 6, Table1[total_ps]), Table1[[#This Row],[total_ps]]) -> 25748 | J6: =_xlfn.XLOOKUP(Table1[[#This Row],[Key]],Recidivism!C:C,Recidivism!D:D) -> 12389 | K6: =IF(ISNA(Table1[[#This Row],[convicts_admitted_raw]]), _xlfn.AGGREGATE(1, 6, Table1[convicts_admitted_raw]), Table1[[#This Row],[convicts_admitted_raw]]) -> 12389 | L6: =_xlfn.XLOOKUP(Table1[[#This Row],[Key]],Recidivism!C:C,Recidivism!E:E) -> 977 | M6: =IF(ISNA(Table1[[#This Row],[habitual_offenders]]), _xlfn.AGGREGATE(1, 6, Table1[habitual_offenders]), Table1[[#This Row],[habitual_offenders]]) -> 977 | N6: =_xlfn.XLOOKUP(Table1[[#This Row],[Key]],Vocational!C:C,Vocational!E:E) -> 808 | O6: =IF(ISNA(Table1[[#This Row],[vocational_count]]), _xlfn.AGGREGATE(1, 6,Table1[vocational_count]), Table1[[#This Row],[vocational_count]]) -> 808
A7: Andhra Pradesh | B7: 2006 | C7: =_xlfn.CONCAT(Table1[[#This Row],[STATE]],"-",Table1[[#This Row],[YEAR]]) -> Andhra Pradesh-2006 | D7: 3622 | E7: 22114 | F7: 441 | G7: 6 | H7: =_xlfn.XLOOKUP(Table1[[#This Row],[Key]],policseStrength!C:C,policseStrength!R:R) -> 25306 | I7: =IF(ISNA(Table1[[#This Row],[total_ps]]), _xlfn.AGGREGATE(1, 6, Table1[total_ps]), Table1[[#This Row],[total_ps]]) -> 25306 | J7: =_xlfn.XLOOKUP(Table1[[#This Row],[Key]],Recidivism!C:C,Recidivism!D:D) -> 13869 | K7: =IF(ISNA(Table1[[#This Row],[convicts_admitted_raw]]), _xlfn.AGGREGATE(1, 6, Table1[convicts_admitted_raw]), Table1[[#This Row],[convicts_admitted_raw]]) -> 13869 | L7: =_xlfn.XLOOKUP(Table1[[#This Row],[Key]],Recidivism!C:C,Recidivism!E:E) -> 3625 | M7: =IF(ISNA(Table1[[#This Row],[habitual_offenders]]), _xlfn.AGGREGATE(1, 6, Table1[habitual_offenders]), Table1[[#This Row],[habitual_offenders]]) -> 3625 | N7: =_xlfn.XLOOKUP(Table1[[#This Row],[Key]],Vocational!C:C,Vocational!E:E) -> 17 | O7: =IF(ISNA(Table1[[#This Row],[vocational_count]]), _xlfn.AGGREGATE(1, 6,Table1[vocational_count]), Table1[[#This Row],[vocational_count]]) -> 17
A8: Andhra Pradesh | B8: 2007 | C8: =_xlfn.CONCAT(Table1[[#This Row],[STATE]],"-",Table1[[#This Row],[YEAR]]) -> Andhra Pradesh-2007 | D8: 5570 | E8: 25587 | F8: 494 | G8: 16 | H8: =_xlfn.XLOOKUP(Table1[[#This Row],[Key]],policseStrength!C:C,policseStrength!R:R) -> 25584 | I8: =IF(ISNA(Table1[[#This Row],[total_ps]]), _xlfn.AGGREGATE(1, 6, Table1[total_ps]), Table1[[#This Row],[total_ps]]) -> 25584 | J8: =_xlfn.XLOOKUP(Table1[[#This Row],[Key]],Recidivism!C:C,Recidivism!D:D) -> 15550 | K8: =IF(ISNA(Table1[[#This Row],[convicts_admitted_raw]]), _xlfn.AGGREGATE(1, 6, Table1[convicts_admitted_raw]), Table1[[#This Row],[convicts_admitted_raw]]) -> 15550 | L8: =_xlfn.XLOOKUP(Table1[[#This Row],[Key]],Recidivism!C:C,Recidivism!E:E) -> 1267 | M8: =IF(ISNA(Table1[[#This Row],[habitual_offenders]]), _xlfn.AGGREGATE(1, 6, Table1[habitual_offenders]), Table1[[#This Row],[habitual_offenders]]) -> 1267 | N8: =_xlfn.XLOOKUP(Table1[[#This Row],[Key]],Vocational!C:C,Vocational!E:E) -> 20 | O8: =IF(ISNA(Table1[[#This Row],[vocational_count]]), _xlfn.AGGREGATE(1, 6,Table1[vocational_count]), Table1[[#This Row],[vocational_count]]) -> 20
A9: Andhra Pradesh | B9: 2008 | C9: =_xlfn.CONCAT(Table1[[#This Row],[STATE]],"-",Table1[[#This Row],[YEAR]]) -> Andhra Pradesh-2008 | D9: 2453 | E9: 18493 | F9: 875 | G9: 156 | H9: =_xlfn.XLOOKUP(Table1[[#This Row],[Key]],policseStrength!C:C,policseStrength!R:R) -> 29602 | I9: =IF(ISNA(Table1[[#This Row],[total_ps]]), _xlfn.AGGREGATE(1, 6, Table1[total_ps]), Table1[[#This Row],[total_ps]]) -> 29602 | J9: =_xlfn.XLOOKUP(Table1[[#This Row],[Key]],Recidivism!C:C,Recidivism!D:D) -> 13999 | K9: =IF(ISNA(Table1[[#This Row],[convicts_admitted_raw]]), _xlfn.AGGREGATE(1, 6, Table1[convicts_admitted_raw]), Table1[[#This Row],[convicts_admitted_raw]]) -> 13999 | L9: =_xlfn.XLOOKUP(Table1[[#This Row],[Key]],Recidivism!C:C,Recidivism!E:E) -> 1231 | M9: =IF(ISNA(Table1[[#This Row],[habitual_offenders]]), _xlfn.AGGREGATE(1, 6, Table1[habitual_offenders]), Table1[[#This Row],[habitual_offenders]]) -> 1231 | N9: =_xlfn.XLOOKUP(Table1[[#This Row],[Key]],Vocational!C:C,Vocational!E:E) -> 10 | O9: =IF(ISNA(Table1[[#This Row],[vocational_count]]), _xlfn.AGGREGATE(1, 6,Table1[vocational_count]), Table1[[#This Row],[vocational_count]]) -> 10
A10: Andhra Pradesh | B10: 2009 | C10: =_xlfn.CONCAT(Table1[[#This Row],[STATE]],"-",Table1[[#This Row],[YEAR]]) -> Andhra Pradesh-2009 | D10: 2162 | E10: 19585 | F10: 533 | G10: 307 | H10: =_xlfn.XLOOKUP(Table1[[#This Row],[Key]],policseStrength!C:C,policseStrength!R:R) -> 27710 | I10: =IF(ISNA(Table1[[#This Row],[total_ps]]), _xlfn.AGGREGATE(1, 6, Table1[total_ps]), Table1[[#This Row],[total_ps]]) -> 27710 | J10: =_xlfn.XLOOKUP(Table1[[#This Row],[Key]],Recidivism!C:C,Recidivism!D:D) -> 12644 | K10: =IF(ISNA(Table1[[#This Row],[convicts_admitted_raw]]), _xlfn.AGGREGATE(1, 6, Table1[convicts_admitted_raw]), Table1[[#This Row],[convicts_admitted_raw]]) -> 12644 | L10: =_xlfn.XLOOKUP(Table1[[#This Row],[Key]],Recidivism!C:C,Recidivism!E:E) -> 898 | M10: =IF(ISNA(Table1[[#This Row],[habitual_offenders]]), _xlfn.AGGREGATE(1, 6, Table1[habitual_offenders]), Table1[[#This Row],[habitual_offenders]]) -> 898 | N10: =_xlfn.XLOOKUP(Table1[[#This Row],[Key]],Vocational!C:C,Vocational!E:E) -> 86 | O10: =IF(ISNA(Table1[[#This Row],[vocational_count]]), _xlfn.AGGREGATE(1, 6,Table1[vocational_count]), Table1[[#This Row],[vocational_count]]) -> 86
A11: Andhra Pradesh | B11: 2010 | C11: =_xlfn.CONCAT(Table1[[#This Row],[STATE]],"-",Table1[[#This Row],[YEAR]]) -> Andhra Pradesh-2010 | D11: 3457 | E11: 11828 | F11: 530 | G11: 175 | H11: =_xlfn.XLOOKUP(Table1[[#This Row],[Key]],policseStrength!C:C,policseStrength!R:R) -> 29068 | I11: =IF(ISNA(Table1[[#This Row],[total_ps]]), _xlfn.AGGREGATE(1, 6, Table1[total_ps]), Table1[[#This Row],[total_ps]]) -> 29068 | J11: =_xlfn.XLOOKUP(Table1[[#This Row],[Key]],Recidivism!C:C,Recidivism!D:D) -> 13122 | K11: =IF(ISNA(Table1[[#This Row],[convicts_admitted_raw]]), _xlfn.AGGREGATE(1, 6, Table1[convicts_admitted_raw]), Table1[[#This Row],[convicts_admitted_raw]]) -> 13122 | L11: =_xlfn.XLOOKUP(Table1[[#This Row],[Key]],Recidivism!C:C,Recidivism!E:E) -> 1094 | M11: =IF(ISNA(Table1[[#This Row],[habitual_offenders]]), _xlfn.AGGREGATE(1, 6, Table1[habitual_offenders]), Table1[[#This Row],[habitual_offenders]]) -> 1094 | N11: =_xlfn.XLOOKUP(Table1[[#This Row],[Key]],Vocational!C:C,Vocational!E:E) -> 102 | O11: =IF(ISNA(Table1[[#This Row],[vocational_count]]), _xlfn.AGGREGATE(1, 6,Table1[vocational_count]), Table1[[#This Row],[vocational_count]]) -> 102
A12: Andhra Pradesh | B12: 2011 | C12: =_xlfn.CONCAT(Table1[[#This Row],[STATE]],"-",Table1[[#This Row],[YEAR]]) -> Andhra Pradesh-2011 | D12: 10108 | E12: 19033 | F12: 593 | G12: 432 | H12: =_xlfn.XLOOKUP(Table1[[#This Row],[Key]],policseStrength!C:C,policseStrength!R:R) -> #N/A | I12: =IF(ISNA(Table1[[#This Row],[total_ps]]), _xlfn.AGGREGATE(1, 6, Table1[total_ps]), Table1[[#This Row],[total_ps]]) -> 20128.37 | J12: =_xlfn.XLOOKUP(Table1[[#This Row],[Key]],Recidivism!C:C,Recidivism!D:D) -> 14577 | K12: =IF(ISNA(Table1[[#This Row],[convicts_admitted_raw]]), _xlfn.AGGREGATE(1, 6, Table1[convicts_admitted_raw]), Table1[[#This Row],[convicts_admitted_raw]]) -> 14577 | L12: =_xlfn.XLOOKUP(Table1[[#This Row],[Key]],Recidivism!C:C,Recidivism!E:E) -> 1501 | M12: =IF(ISNA(Table1[[#This Row],[habitual_offenders]]), _xlfn.AGGREGATE(1, 6, Table1[habitual_offenders]), Table1[[#This Row],[habitual_offenders]]) -> 1501 | N12: =_xlfn.XLOOKUP(Table1[[#This Row],[Key]],Vocational!C:C,Vocational!E:E) -> 537 | O12: =IF(ISNA(Table1[[#This Row],[vocational_count]]), _xlfn.AGGREGATE(1, 6,Table1[vocational_count]), Table1[[#This Row],[vocational_count]]) -> 537
A13: Andhra Pradesh | B13: 2012 | C13: =_xlfn.CONCAT(Table1[[#This Row],[STATE]],"-",Table1[[#This Row],[YEAR]]) -> Andhra Pradesh-2012 | D13: 12189 | E13: 19539 | F13: 514 | G13: 154 | H13: =_xlfn.XLOOKUP(Table1[[#This Row],[Key]],policseStrength!C:C,policseStrength!R:R) -> #N/A | I13: =IF(ISNA(Table1[[#This Row],[total_ps]]), _xlfn.AGGREGATE(1, 6, Table1[total_ps]), Table1[[#This Row],[total_ps]]) -> 20128.37 | J13: =_xlfn.XLOOKUP(Table1[[#This Row],[Key]],Recidivism!C:C,Recidivism!D:D) -> 9700 | K13: =IF(ISNA(Table1[[#This Row],[convicts_admitted_raw]]), _xlfn.AGGREGATE(1, 6, Table1[convicts_admitted_raw]), Table1[[#This Row],[convicts_admitted_raw]]) -> 9700 | L13: =_xlfn.XLOOKUP(Table1[[#This Row],[Key]],Recidivism!C:C,Recidivism!E:E) -> 1328 | M13: =IF(ISNA(Table1[[#This Row],[habitual_offenders]]), _xlfn.AGGREGATE(1, 6, Table1[habitual_offenders]), Table1[[#This Row],[habitual_offenders]]) -> 1328 | N13: =_xlfn.XLOOKUP(Table1[[#This Row],[Key]],Vocational!C:C,Vocational!E:E) -> 219 | O13: =IF(ISNA(Table1[[#This Row],[vocational_count]]), _xlfn.AGGREGATE(1, 6,Table1[vocational_count]), Table1[[#This Row],[vocational_count]]) -> 219
... A446: Pondicherry | B446: 2013 | C446: =_xlfn.CONCAT(Table1[[#This Row],[STATE]],"-",Table1[[#This Row],[YEAR]]) -> Pondicherry-2013 | D446: 0 | E446: 0 | F446: 0 | G446: 0 | H446: =_xlfn.XLOOKUP(Table1[[#This Row],[Key]],policseStrength!C:C,policseStrength!R:R) -> #N/A | I446: =IF(ISNA(Table1[[#This Row],[total_ps]]), _xlfn.AGGREGATE(1, 6, Table1[total_ps]), Table1[[#This Row],[total_ps]]) -> 20128.37 | J446: =_xlfn.XLOOKUP(Table1[[#This Row],[Key]],Recidivism!C:C,Recidivism!D:D) -> #N/A | K446: =IF(ISNA(Table1[[#This Row],[convicts_admitted_raw]]), _xlfn.AGGREGATE(1, 6, Table1[convicts_admitted_raw]), Table1[[#This Row],[convicts_admitted_raw]]) -> 6702.8673 | L446: =_xlfn.XLOOKUP(Table1[[#This Row],[Key]],Recidivism!C:C,Recidivism!E:E) -> #N/A | M446: =IF(ISNA(Table1[[#This Row],[habitual_offenders]]), _xlfn.AGGREGATE(1, 6, Table1[habitual_offenders]), Table1[[#This Row],[habitual_offenders]]) -> 349.79176 | N446: =_xlfn.XLOOKUP(Table1[[#This Row],[Key]],Vocational!C:C,Vocational!E:E) -> 3 | O446: =IF(ISNA(Table1[[#This Row],[vocational_count]]), _xlfn.AGGREGATE(1, 6,Table1[vocational_count]), Table1[[#This Row],[vocational_count]]) -> 3

Sheet Vocational
A1: STATE | B1: YEAR | C1: Key | D1: vocational_trainings_program | E1: inmates_trained
A2: Andhra Pradesh | B2: 2001 | C2: =_xlfn.CONCAT(Table16[[#This Row],[STATE]],"-",Table16[[#This Row],[YEAR]]) -> Andhra Pradesh-2001 | D2: Steel Unit | E2: 270
A3: Andhra Pradesh | B3: 2001 | C3: =_xlfn.CONCAT(Table16[[#This Row],[STATE]],"-",Table16[[#This Row],[YEAR]]) -> Andhra Pradesh-2001 | D3: Phenyl | E3: 9
A4: Andhra Pradesh | B4: 2001 | C4: =_xlfn.CONCAT(Table16[[#This Row],[STATE]],"-",Table16[[#This Row],[YEAR]]) -> Andhra Pradesh-2001 | D4: Soap Unit | E4: 115
A5: Andhra Pradesh | B5: 2001 | C5: =_xlfn.CONCAT(Table16[[#This Row],[STATE]],"-",Table16[[#This Row],[YEAR]]) -> Andhra Pradesh-2001 | D5: Weaving | E5: 328
A6: Andhra Pradesh | B6: 2001 | C6: =_xlfn.CONCAT(Table16[[#This Row],[STATE]],"-",Table16[[#This Row],[YEAR]]) -> Andhra Pradesh-2001 | D6: Tailoring Unit | E6: 122
A7: Andhra Pradesh | B7: 2001 | C7: =_xlfn.CONCAT(Table16[[#This Row],[STATE]],"-",Table16[[#This Row],[YEAR]]) -> Andhra Pradesh-2001 | D7: Durry Unit | E7: 337
A8: Andhra Pradesh | B8: 2001 | C8: =_xlfn.CONCAT(Table16[[#This Row],[STATE]],"-",Table16[[#This Row],[YEAR]]) -> Andhra Pradesh-2001 | D8: Dyeing Unit | E8: 73
A9: Andhra Pradesh | B9: 2001 | C9: =_xlfn.CONCAT(Table16[[#This Row],[STATE]],"-",Table16[[#This Row],[YEAR]]) -> Andhra Pradesh-2001 | D9: Printing Unit | E9: 143
A10: Andhra Pradesh | B10: 2001 | C10: =_xlfn.CONCAT(Table16[[#This Row],[STATE]],"-",Table16[[#This Row],[YEAR]]) -> Andhra Pradesh-2001 | D10: Coir | E10: 65
A11: Andhra Pradesh | B11: 2001 | C11: =_xlfn.CONCAT(Table16[[#This Row],[STATE]],"-",Table16[[#This Row],[YEAR]]) -> Andhra Pradesh-2001 | D11: Book Binding | E11: 4
A12: Andhra Pradesh | B12: 2001 | C12: =_xlfn.CONCAT(Table16[[#This Row],[STATE]],"-",Table16[[#This Row],[YEAR]]) -> Andhra Pradesh-2001 | D12: House Wiring | E12: 6
A13: Andhra Pradesh | B13: 2001 | C13: =_xlfn.CONCAT(Table16[[#This Row],[STATE]],"-",Table16[[#This Row],[YEAR]]) -> Andhra Pradesh-2001 | D13: Plumbering | E13: 3
... A4078: D & N Haveli | B4078: 2013 | C4078: =_xlfn.CONCAT(Table16[[#This Row],[STATE]],"-",Table16[[#This Row],[YEAR]]) -> D & N Haveli-2013 | D4078: Others | E4078: 0
A4079: Daman & Diu | B4079: 2013 | C4079: =_xlfn.CONCAT(Table16[[#This Row],[STATE]],"-",Table16[[#This Row],[YEAR]]) -> Daman & Diu-2013 | D4079: Nil | E4079: NA
A4080: Delhi | B4080: 2013 | C4080: =_xlfn.CONCAT(Table16[[#This Row],[STATE]],"-",Table16[[#This Row],[YEAR]]) -> Delhi-2013 | D4080: Plumbing | E4080: 258
A4081: Delhi | B4081: 2013 | C4081: =_xlfn.CONCAT(Table16[[#This Row],[STATE]],"-",Table16[[#This Row],[YEAR]]) -> Delhi-2013 | D4081: Envelope Making (Paper Unit) | E4081: 164
A4082: Delhi | B4082: 2013 | C4082: =_xlfn.CONCAT(Table16[[#This Row],[STATE]],"-",Table16[[#This Row],[YEAR]]) -> Delhi-2013 | D4082: Typing | E4082: 156
A4083: Delhi | B4083: 2013 | C4083: =_xlfn.CONCAT(Table16[[#This Row],[STATE]],"-",Table16[[#This Row],[YEAR]]) -> Delhi-2013 | D4083: Tailoring | E4083: 497
A4084: Delhi | B4084: 2013 | C4084: =_xlfn.CONCAT(Table16[[#This Row],[STATE]],"-",Table16[[#This Row],[YEAR]]) -> Delhi-2013 | D4084: Carpentary | E4084: 648
A4085: Delhi | B4085: 2013 | C4085: =_xlfn.CONCAT(Table16[[#This Row],[STATE]],"-",Table16[[#This Row],[YEAR]]) -> Delhi-2013 | D4085: Weaving (Embroidary) | E4085: 383
A4086: Delhi | B4086: 2013 | C4086: =_xlfn.CONCAT(Table16[[#This Row],[STATE]],"-",Table16[[#This Row],[YEAR]]) -> Delhi-2013 | D4086: Other (Computer) | E4086: 534
A4087: Delhi | B4087: 2013 | C4087: =_xlfn.CONCAT(Table16[[#This Row],[STATE]],"-",Table16[[#This Row],[YEAR]]) -> Delhi-2013 | D4087: Others (Atta And Masala Chakki) | E4087: 22
A4088: Delhi | B4088: 2013 | C4088: =_xlfn.CONCAT(Table16[[#This Row],[STATE]],"-",Table16[[#This Row],[YEAR]]) -> Delhi-2013 | D4088: Creche Training | E4088: 9
A4089: Delhi | B4089: 2013 | C4089: =_xlfn.CONCAT(Table16[[#This Row],[STATE]],"-",Table16[[#This Row],[YEAR]]) -> Delhi-2013 | D4089: Beauty Culture | E4089: 2
A4090: Delhi | B4090: 2013 | C4090: =_xlfn.CONCAT(Table16[[#This Row],[STATE]],"-",Table16[[#This Row],[YEAR]]) -> Delhi-2013 | D4090: Othres ( Painting) | E4090: 219
A4091: Delhi | B4091: 2013 | C4091: =_xlfn.CONCAT(Table16[[#This Row],[STATE]],"-",Table16[[#This Row],[YEAR]]) -> Delhi-2013 | D4091: Othres (Dhoop Batti Making) | E4091: 42
... A4116: Delhi | B4116: 2013 | C4116: =_xlfn.CONCAT(Table16[[#This Row],[STATE]],"-",Table16[[#This Row],[YEAR]]) -> Delhi-2013 | D4116: Screen Printing | E4116: 80
A4117: Delhi | B4117: 2013 | C4117: =_xlfn.CONCAT(Table16[[#This Row],[STATE]],"-",Table16[[#This Row],[YEAR]]) -> Delhi-2013 | D4117: Beauty Culture And Hair Dressing | E4117: NA
A4118: Lakshadweep | B4118: 2013 | C4118: =_xlfn.CONCAT(Table16[[#This Row],[STATE]],"-",Table16[[#This Row],[YEAR]]) -> Lakshadweep-2013 | D4118: Nil | E4118: NA
A4119: Pondicherry | B4119: 2013 | C4119: =_xlfn.CONCAT(Table16[[#This Row],[STATE]],"-",Table16[[#This Row],[YEAR]]) -> Pondicherry-2013 | D4119: Mat Weaving | E4119: 3
A4120: Pondicherry | B4120: 2013 | C4120: =_xlfn.CONCAT(Table16[[#This Row],[STATE]],"-",Table16[[#This Row],[YEAR]]) -> Pondicherry-2013 | D4120: Book Binding | E4120: 3
A4121: Pondicherry | B4121: 2013 | C4121: =_xlfn.CONCAT(Table16[[#This Row],[STATE]],"-",Table16[[#This Row],[YEAR]]) -> Pondicherry-2013 | D4121: Tailoring | E4121: 2
A4122: Pondicherry | B4122: 2013 | C4122: =_xlfn.CONCAT(Table16[[#This Row],[STATE]],"-",Table16[[#This Row],[YEAR]]) -> Pondicherry-2013 | D4122: Spinning Unit | E4122: 12
A4123: Pondicherry | B4123: 2013 | C4123: =_xlfn.CONCAT(Table16[[#This Row],[STATE]],"-",Table16[[#This Row],[YEAR]]) -> Pondicherry-2013 | D4123: Computer Training | E4123: 10

Sheet Recidivism
A1: STATE | B1: YEAR | C1: Key | D1: convicts_admitted | E1: habitual_offenders
A2: Andhra Pradesh | B2: 2001 | C2: =_xlfn.CONCAT(Table2[[#This Row],[STATE]],"-",Table2[[#This Row],[YEAR]]) -> Andhra Pradesh-2001 | D2: 17345 | E2: 1063
A3: Andhra Pradesh | B3: 2002 | C3: =_xlfn.CONCAT(Table2[[#This Row],[STATE]],"-",Table2[[#This Row],[YEAR]]) -> Andhra Pradesh-2002 | D3: 13322 | E3: 318
A4: Andhra Pradesh | B4: 2003 | C4: =_xlfn.CONCAT(Table2[[#This Row],[STATE]],"-",Table2[[#This Row],[YEAR]]) -> Andhra Pradesh-2003 | D4: 15682 | E4: 536
A5: Andhra Pradesh | B5: 2004 | C5: =_xlfn.CONCAT(Table2[[#This Row],[STATE]],"-",Table2[[#This Row],[YEAR]]) -> Andhra Pradesh-2004 | D5: 14397 | E5: 399
A6: Andhra Pradesh | B6: 2005 | C6: =_xlfn.CONCAT(Table2[[#This Row],[STATE]],"-",Table2[[#This Row],[YEAR]]) -> Andhra Pradesh-2005 | D6: 12389 | E6: 977
A7: Andhra Pradesh | B7: 2006 | C7: =_xlfn.CONCAT(Table2[[#This Row],[STATE]],"-",Table2[[#This Row],[YEAR]]) -> Andhra Pradesh-2006 | D7: 13869 | E7: 3625
A8: Andhra Pradesh | B8: 2007 | C8: =_xlfn.CONCAT(Table2[[#This Row],[STATE]],"-",Table2[[#This Row],[YEAR]]) -> Andhra Pradesh-2007 | D8: 15550 | E8: 1267
A9: Andhra Pradesh | B9: 2008 | C9: =_xlfn.CONCAT(Table2[[#This Row],[STATE]],"-",Table2[[#This Row],[YEAR]]) -> Andhra Pradesh-2008 | D9: 13999 | E9: 1231
A10: Andhra Pradesh | B10: 2009 | C10: =_xlfn.CONCAT(Table2[[#This Row],[STATE]],"-",Table2[[#This Row],[YEAR]]) -> Andhra Pradesh-2009 | D10: 12644 | E10: 898
A11: Andhra Pradesh | B11: 2010 | C11: =_xlfn.CONCAT(Table2[[#This Row],[STATE]],"-",Table2[[#This Row],[YEAR]]) -> Andhra Pradesh-2010 | D11: 13122 | E11: 1094
A12: Andhra Pradesh | B12: 2011 | C12: =_xlfn.CONCAT(Table2[[#This Row],[STATE]],"-",Table2[[#This Row],[YEAR]]) -> Andhra Pradesh-2011 | D12: 14577 | E12: 1501
A13: Andhra Pradesh | B13: 2012 | C13: =_xlfn.CONCAT(Table2[[#This Row],[STATE]],"-",Table2[[#This Row],[YEAR]]) -> Andhra Pradesh-2012 | D13: 9700 | E13: 1328
... A448: Puducherry | B448: 2013 | C448: =_xlfn.CONCAT(Table2[[#This Row],[STATE]],"-",Table2[[#This Row],[YEAR]]) -> Puducherry-2013 | D448: 166 | E448: 39

Sheet policseStrength
A1: STATE | B1: Year | C1: Key | D1: Group_Name | E1: Sub_Group_Name | F1: Rank_All_Ranks_Total | G1: Rank_ASI_Equivalent | H1: Rank_ASPDySPAssttCommandant | I1: Rank_Below_HC_and_Above_Constables | J1: Rank_Constables | K1: Rank_DGAddl_DG | L1: Rank_DIG | M1: Rank_Head_Constables | N1: Rank_IGSplIG | O1: Rank_Inspectors_Equivalent | P1: Rank_SI_Equivalent | Q1: Rank_SSPSPAddlSPCommandant | R1: total_police
A2: Andaman & Nicobar Islands | B2: 2001 | C2: =_xlfn.CONCAT(Table13[[#This Row],[STATE]],"-",Table13[[#This Row],[Year]]) -> Andaman & Nicobar Islands-2001 | D2: Actual Police Strength - Armed Police | E2: A2. Acual Armed Police (Incl. Women Police) | F2: 766 | G2: 7 | H2: 2 | I2: 0 | J2: 646 | K2: 0 | L2: 1 | M2: 84 | N2: 0 | O2: 6 | P2: 20 | Q2: 0 | R2: =SUM(Table13[[#This Row],[Rank_All_Ranks_Total]:[Rank_SSPSPAddlSPCommandant]]) -> 1532
A3: Andhra Pradesh | B3: 2001 | C3: =_xlfn.CONCAT(Table13[[#This Row],[STATE]],"-",Table13[[#This Row],[Year]]) -> Andhra Pradesh-2001 | D3: Actual Police Strength - Armed Police | E3: A2. Acual Armed Police (Incl. Women Police) | F3: 12510 | G3: 433 | H3: 56 | I3: 0 | J3: 8742 | K3: 0 | L3: 0 | M3: 2864 | N3: 0 | O3: 132 | P3: 270 | Q3: 13 | R3: =SUM(Table13[[#This Row],[Rank_All_Ranks_Total]:[Rank_SSPSPAddlSPCommandant]]) -> 25020
A4: Arunachal Pradesh | B4: 2001 | C4: =_xlfn.CONCAT(Table13[[#This Row],[STATE]],"-",Table13[[#This Row],[Year]]) -> Arunachal Pradesh-2001 | D4: Actual Police Strength - Armed Police | E4: A2. Acual Armed Police (Incl. Women Police) | F4: 2232 | G4: 14 | H4: 15 | I4: 169 | J4: 1645 | K4: 0 | L4: 0 | M4: 322 | N4: 0 | O4: 19 | P4: 45 | Q4: 3 | R4: =SUM(Table13[[#This Row],[Rank_All_Ranks_Total]:[Rank_SSPSPAddlSPCommandant]]) -> 4464
A5: Assam | B5: 2001 | C5: =_xlfn.CONCAT(Table13[[#This Row],[STATE]],"-",Table13[[#This Row],[Year]]) -> Assam-2001 | D5: Actual Police Strength - Armed Police | E5: A2. Acual Armed Police (Incl. Women Police) | F5: 23963 | G5: 36 | H5: 135 | I5: 2347 | J5: 16591 | K5: 0 | L5: 0 | M5: 3868 | N5: 0 | O5: 235 | P5: 699 | Q5: 52 | R5: =SUM(Table13[[#This Row],[Rank_All_Ranks_Total]:[Rank_SSPSPAddlSPCommandant]]) -> 47926
A6: Bihar | B6: 2001 | C6: =_xlfn.CONCAT(Table13[[#This Row],[STATE]],"-",Table13[[#This Row],[Year]]) -> Bihar-2001 | D6: Actual Police Strength - Armed Police | E6: A2. Acual Armed Police (Incl. Women Police) | F6: 373 | G6: 0 | H6: 0 | I6: 0 | J6: 326 | K6: 0 | L6: 0 | M6: 41 | N6: 0 | O6: 2 | P6: 4 | Q6: 0 | R6: =SUM(Table13[[#This Row],[Rank_All_Ranks_Total]:[Rank_SSPSPAddlSPCommandant]]) -> 746
A7: Chandigarh | B7: 2001 | C7: =_xlfn.CONCAT(Table13[[#This Row],[STATE]],"-",Table13[[#This Row],[Year]]) -> Chandigarh-2001 | D7: Actual Police Strength - Armed Police | E7: A2. Acual Armed Police (Incl. Women Police) | F7: 0 | G7: 0 | H7: 0 | I7: 0 | J7: 0 | K7: 0 | L7: 0 | M7: 0 | N7: 0 | O7: 0 | P7: 0 | Q7: 0 | R7: =SUM(Table13[[#This Row],[Rank_All_Ranks_Total]:[Rank_SSPSPAddlSPCommandant]]) -> 0
A8: Chhattisgarh | B8: 2001 | C8: =_xlfn.CONCAT(Table13[[#This Row],[STATE]],"-",Table13[[#This Row],[Year]]) -> Chhattisgarh-2001 | D8: Actual Police Strength - Armed Police | E8: A2. Acual Armed Police (Incl. Women Police) | F8: 1303 | G8: 0 | H8: 12 | I8: 0 | J8: 330 | K8: 0 | L8: 0 | M8: 888 | N8: 0 | O8: 3 | P8: 67 | Q8: 3 | R8: =SUM(Table13[[#This Row],[Rank_All_Ranks_Total]:[Rank_SSPSPAddlSPCommandant]]) -> 2606
A9: Dadra & Nagar Haveli | B9: 2001 | C9: =_xlfn.CONCAT(Table13[[#This Row],[STATE]],"-",Table13[[#This Row],[Year]]) -> Dadra & Nagar Haveli-2001 | D9: Actual Police Strength - Armed Police | E9: A2. Acual Armed Police (Incl. Women Police) | F9: 94 | G9: 1 | H9: 0 | I9: 0 | J9: 75 | K9: 0 | L9: 0 | M9: 17 | N9: 0 | O9: 0 | P9: 1 | Q9: 0 | R9: =SUM(Table13[[#This Row],[Rank_All_Ranks_Total]:[Rank_SSPSPAddlSPCommandant]]) -> 188
A10: Daman & Diu | B10: 2001 | C10: =_xlfn.CONCAT(Table13[[#This Row],[STATE]],"-",Table13[[#This Row],[Year]]) -> Daman & Diu-2001 | D10: Actual Police Strength - Armed Police | E10: A2. Acual Armed Police (Incl. Women Police) | F10: 0 | G10: 0 | H10: 0 | I10: 0 | J10: 0 | K10: 0 | L10: 0 | M10: 0 | N10: 0 | O10: 0 | P10: 0 | Q10: 0 | R10: =SUM(Table13[[#This Row],[Rank_All_Ranks_Total]:[Rank_SSPSPAddlSPCommandant]]) -> 0
A11: Delhi | B11: 2001 | C11: =_xlfn.CONCAT(Table13[[#This Row],[STATE]],"-",Table13[[#This Row],[Year]]) -> Delhi-2001 | D11: Actual Police Strength - Armed Police | E11: A2. Acual Armed Police (Incl. Women Police) | F11: 10433 | G11: 169 | H11: 42 | I11: 0 | J11: 7911 | K11: 0 | L11: 1 | M11: 1952 | N11: 1 | O11: 79 | P11: 267 | Q11: 11 | R11: =SUM(Table13[[#This Row],[Rank_All_Ranks_Total]:[Rank_SSPSPAddlSPCommandant]]) -> 20866
A12: Goa | B12: 2001 | C12: =_xlfn.CONCAT(Table13[[#This Row],[STATE]],"-",Table13[[#This Row],[Year]]) -> Goa-2001 | D12: Actual Police Strength - Armed Police | E12: A2. Acual Armed Police (Incl. Women Police) | F12: 583 | G12: 24 | H12: 1 | I12: 0 | J12: 430 | K12: 0 | L12: 0 | M12: 111 | N12: 0 | O12: 5 | P12: 11 | Q12: 1 | R12: =SUM(Table13[[#This Row],[Rank_All_Ranks_Total]:[Rank_SSPSPAddlSPCommandant]]) -> 1166
A13: Gujarat | B13: 2001 | C13: =_xlfn.CONCAT(Table13[[#This Row],[STATE]],"-",Table13[[#This Row],[Year]]) -> Gujarat-2001 | D13: Actual Police Strength - Armed Police | E13: A2. Acual Armed Police (Incl. Women Police) | F13: 11591 | G13: 1020 | H13: 33 | I13: 0 | J13: 9138 | K13: 0 | L13: 0 | M13: 1028 | N13: 0 | O13: 96 | P13: 276 | Q13: 0 | R13: =SUM(Table13[[#This Row],[Rank_All_Ranks_Total]:[Rank_SSPSPAddlSPCommandant]]) -> 23182
... A567: Dadra & Nagar Haveli | B567: 2007 | C567: =_xlfn.CONCAT(Table13[[#This Row],[STATE]],"-",Table13[[#This Row],[Year]]) -> Dadra & Nagar Haveli-2007 | D567: Actual Police Strength - Civil Police | E567: A1. Actual Civil Police (Incl. District Armed Police and Women Police) | F567: 218 | G567: 2 | H567: 1 | I567: 0 | J567: 154 | K567: 0 | L567: 0 | M567: 46 | N567: 0 | O567: 1 | P567: 12 | Q567: 2 | R567: =SUM(Table13[[#This Row],[Rank_All_Ranks_Total]:[Rank_SSPSPAddlSPCommandant]]) -> 436
A568: Daman & Diu | B568: 2007 | C568: =_xlfn.CONCAT(Table13[[#This Row],[STATE]],"-",Table13[[#This Row],[Year]]) -> Daman & Diu-2007 | D568: Actual Police Strength - Civil Police | E568: A1. Actual Civil Police (Incl. District Armed Police and Women Police) | F568: 216 | G568: 6 | H568: 2 | I568: 0 | J568: 161 | K568: 0 | L568: 1 | M568: 33 | N568: 0 | O568: S | P568: 9 | Q568: 1 | R568: =SUM(Table13[[#This Row],[Rank_All_Ranks_Total]:[Rank_SSPSPAddlSPCommandant]]) -> 429
A569: Delhi | B569: 2007 | C569: =_xlfn.CONCAT(Table13[[#This Row],[STATE]],"-",Table13[[#This Row],[Year]]) -> Delhi-2007 | D569: Actual Police Strength - Civil Police | E569: A1. Actual Civil Police (Incl. District Armed Police and Women Police) | F569: 49999 | G569: 5770 | H569: 236 | I569: 0 | J569: 25940 | K569: 6 | L569: 11 | M569: 13442 | N569: 17 | O569: 1066 | P569: 3461 | Q569: 50 | R569: =SUM(Table13[[#This Row],[Rank_All_Ranks_Total]:[Rank_SSPSPAddlSPCommandant]]) -> 99998
A570: Goa | B570: 2007 | C570: =_xlfn.CONCAT(Table13[[#This Row],[STATE]],"-",Table13[[#This Row],[Year]]) -> Goa-2007 | D570: Actual Police Strength - Civil Police | E570: A1. Actual Civil Police (Incl. District Armed Police and Women Police) | F570: 4020 | G570: 174 | H570: 17 | I570: 0 | J570: 2821 | K570: 1 | L570: 1 | M570: 762 | N570: 1 | O570: 58 | P570: 171 | Q570: 14 | R570: =SUM(Table13[[#This Row],[Rank_All_Ranks_Total]:[Rank_SSPSPAddlSPCommandant]]) -> 8040
A571: Gujarat | B571: 2007 | C571: =_xlfn.CONCAT(Table13[[#This Row],[STATE]],"-",Table13[[#This Row],[Year]]) -> Gujarat-2007 | D571: Actual Police Strength - Civil Police | E571: A1. Actual Civil Police (Incl. District Armed Police and Women Police) | F571: 63069 | G571: 6756 | H571: 170 | I571: 0 | J571: 37578 | K571: 13 | L571: 14 | M571: 16172 | N571: 27 | O571: 575 | P571: 1715 | Q571: 49 | R571: =SUM(Table13[[#This Row],[Rank_All_Ranks_Total]:[Rank_SSPSPAddlSPCommandant]]) -> 126138
A572: Haryana | B572: 2007 | C572: =_xlfn.CONCAT(Table13[[#This Row],[STATE]],"-",Table13[[#This Row],[Year]]) -> Haryana-2007 | D572: Actual Police Strength - Civil Police | E572: A1. Actual Civil Police (Incl. District Armed Police and Women Police) | F572: 36559 | G572: 3396 | H572: 140 | I572: 0 | J572: 25430 | K572: 11 | L572: 17 | M572: 5831 | N572: 10 | O572: 491 | P572: 1191 | Q572: 42 | R572: =SUM(Table13[[#This Row],[Rank_All_Ranks_Total]:[Rank_SSPSPAddlSPCommandant]]) -> 73118
A573: Himachal Pradesh | B573: 2007 | C573: =_xlfn.CONCAT(Table13[[#This Row],[STATE]],"-",Table13[[#This Row],[Year]]) -> Himachal Pradesh-2007 | D573: Actual Police Strength - Civil Police | E573: A1. Actual Civil Police (Incl. District Armed Police and Women Police) | F573: 9669 | G573: 895 | H573: 101 | I573: 0 | J573: 6464 | K573: 10 | L573: 14 | M573: 1543 | N573: 12 | O573: 193 | P573: 415 | Q573: 22 | R573: =SUM(Table13[[#This Row],[Rank_All_Ranks_Total]:[Rank_SSPSPAddlSPCommandant]]) -> 19338
A574: Jammu & Kashmir | B574: 2007 | C574: =_xlfn.CONCAT(Table13[[#This Row],[STATE]],"-",Table13[[#This Row],[Year]]) -> Jammu & Kashmir-2007 | D574: Actual Police Strength - Civil Police | E574: A1. Actual Civil Police (Incl. District Armed Police and Women Police) | F574: 38920 | G574: 2396 | H574: 185 | I574: 25939 | J574: 1830 | K574: 2 | L574: 17 | M574: 6244 | N574: 12 | O574: 552 | P574: 1638 | Q574: 105 | R574: =SUM(Table13[[#This Row],[Rank_All_Ranks_Total]:[Rank_SSPSPAddlSPCommandant]]) -> 77840
A575: Jharkhand | B575: 2007 | C575: =_xlfn.CONCAT(Table13[[#This Row],[STATE]],"-",Table13[[#This Row],[Year]]) -> Jharkhand-2007 | D575: Actual Police Strength - Civil Police | E575: A1. Actual Civil Police (Incl. District Armed Police and Women Police) | F575: 29198 | G575: 1523 | H575: 165 | I575: 0 | J575: 21703 | K575: 7 | L575: 9 | M575: 3286 | N575: 16 | O575: 315 | P575: 2153 | Q575: 21 | R575: =SUM(Table13[[#This Row],[Rank_All_Ranks_Total]:[Rank_SSPSPAddlSPCommandant]]) -> 58396
A576: Karnataka | B576: 2007 | C576: =_xlfn.CONCAT(Table13[[#This Row],[STATE]],"-",Table13[[#This Row],[Year]]) -> Karnataka-2007 | D576: Actual Police Strength - Civil Police | E576: A1. Actual Civil Police (Incl. District Armed Police and Women Police) | F576: 49248 | G576: 2672 | H576: 165 | I576: 0 | J576: 32736 | K576: 1 | L576: 3 | M576: 11282 | N576: 7 | O576: 610 | P576: 1706 | Q576: 66 | R576: =SUM(Table13[[#This Row],[Rank_All_Ranks_Total]:[Rank_SSPSPAddlSPCommandant]]) -> 98496
A577: Kerala | B577: 2007 | C577: =_xlfn.CONCAT(Table13[[#This Row],[STATE]],"-",Table13[[#This Row],[Year]]) -> Kerala-2007 | D577: Actual Police Strength - Civil Police | E577: A1. Actual Civil Police (Incl. District Armed Police and Women Police) | F577: 35908 | G577: 1278 | H577: 270 | I577: 0 | J577: 25608 | K577: 8 | L577: 6 | M577: 6851 | N577: 13 | O577: 393 | P577: 1429 | Q577: 52 | R577: =SUM(Table13[[#This Row],[Rank_All_Ranks_Total]:[Rank_SSPSPAddlSPCommandant]]) -> 71816
A578: Lakshadweep | B578: 2007 | C578: =_xlfn.CONCAT(Table13[[#This Row],[STATE]],"-",Table13[[#This Row],[Year]]) -> Lakshadweep-2007 | D578: Actual Police Strength - Civil Police | E578: A1. Actual Civil Police (Incl. District Armed Police and Women Police) | F578: 290 | G578: 11 | H578: 1 | I578: 0 | J578: 199 | K578: 0 | L578: 0 | M578: 61 | N578: 0 | O578: 5 | P578: 12 | Q578: 1 | R578: =SUM(Table13[[#This Row],[Rank_All_Ranks_Total]:[Rank_SSPSPAddlSPCommandant]]) -> 580
A579: Madhya Pradesh | B579: 2007 | C579: =_xlfn.CONCAT(Table13[[#This Row],[STATE]],"-",Table13[[#This Row],[Year]]) -> Madhya Pradesh-2007 | D579: Actual Police Strength - Civil Police | E579: A1. Actual Civil Police (Incl. District Armed Police and Women Police) | F579: 55627 | G579: 3202 | H579: 682 | I579: 0 | J579: 37284 | K579: 10 | L579: 30 | M579: 10353 | N579: 20 | O579: 1126 | P579: 2748 | Q579: 172 | R579: =SUM(Table13[[#This Row],[Rank_All_Ranks_Total]:[Rank_SSPSPAddlSPCommandant]]) -> 111254
A580: Maharashtra | B580: 2007 | C580: =_xlfn.CONCAT(Table13[[#This Row],[STATE]],"-",Table13[[#This Row],[Year]]) -> Maharashtra-2007 | D580: Actual Police Strength - Civil Police | E580: A1. Actual Civil Police (Incl. District Armed Police and Women Police) | F580: 135969 | G580: 11086 | H580: 536 | I580: 25138 | J580: 61361 | K580: 25 | L580: 40 | M580: 28185 | N580: 31 | O580: 2199 | P580: 7162 | Q580: 206 | R580: =SUM(Table13[[#This Row],[Rank_All_Ranks_Total]:[Rank_SSPSPAddlSPCommandant]]) -> 271938
... A2793: West Bengal | B2793: 2010 | C2793: =_xlfn.CONCAT(Table13[[#This Row],[STATE]],"-",Table13[[#This Row],[Year]]) -> West Bengal-2010 | D2793: Sanctioned Women Police Strength - Civil Police | E2793: D1. Sanctioned Women Civil Police (Incl. District Armed Police) | F2793: 2419 | G2793: 175 | H2793: 1 | I2793: 0 | J2793: 2024 | K2793: 0 | L2793: 0 | M2793: 7 | N2793: 0 | O2793: 12 | P2793: 200 | Q2793: 0 | R2793: =SUM(Table13[[#This Row],[Rank_All_Ranks_Total]:[Rank_SSPSPAddlSPCommandant]]) -> 4838
